<?xml version="1.0" encoding="UTF-8"?>
<project-private xmlns="http://www.netbeans.org/ns/project-private/1">
    <editor-bookmarks xmlns="http://www.netbeans.org/ns/editor-bookmarks/2" lastBookmarkId="0"/>
    <open-files xmlns="http://www.netbeans.org/ns/projectui-open-files/2">
        <group>
            <file>file:/C:/Users/timop/Desktop/Projet_Netbeans/algoprogs1/TP/TP10_String/Jump-etu/test/jump/UITest.java</file>
            <file>file:/C:/Users/timop/Desktop/Projet_Netbeans/algoprogs1/TP/TP10_String/Jump-etu/src/jump/Plateau.java</file>
            <file>file:/C:/Users/timop/Desktop/Projet_Netbeans/algoprogs1/TP/TP10_String/Jump-etu/src/jump/UI.java</file>
            <file>file:/C:/Users/timop/Desktop/Projet_Netbeans/algoprogs1/TP/TP10_String/Jump-etu/test/jump/PlateauTest.java</file>
        </group>
    </open-files>
</project-private>
